ID,TITULO,INFOS,VALOR,LOCAL,DATA_ANUNCIO,LINK,DATA_COLETA_METADADOS
1035916230,TOYOTA YARIS 1.5 16V XS CONNECT MULTIDRIVE,9.500 km  |  Câmbio: Automático  |  Flex  |  ,R$ 104.890,Florianópolis -  SC,"Hoje, 23:22",https://sc.olx.com.br/florianopolis-e-regiao/autos-e-pecas/carros-vans-e-utilitarios/toyota-yaris-1-5-16v-xs-connect-multidrive-1035916230,2022-06-22
1028100649,NISSAN Kicks 1.6 16V 4P FLEX ADVANCE XTRONIC AUTOMÁTICO CVT,19.800 km  |  Câmbio: Automático  |  Flex  |  ,R$ 119.000,Limeira -  SP,"Hoje, 23:22",https://sp.olx.com.br/grande-campinas/autos-e-pecas/carros-vans-e-utilitarios/nissan-kicks-1-6-16v-4p-flex-advance-xtronic-automatico-cvt-1028100649,2022-06-22
833202951,J6 12 - Completa - Mecanica - 5 Lugares - Bancos em Couro - Novissima,90.000 km  |  Câmbio: Manual  |  Gasolina  |  ,R$ 25.900,São Bernardo do Campo -  SP,"Hoje, 23:22",https://sp.olx.com.br/sao-paulo-e-regiao/autos-e-pecas/carros-vans-e-utilitarios/j6-12-completa-mecanica-5-lugares-bancos-em-couro-novissima-833202951,2022-06-22
1020005724,OUTLANDER 2014/2015 2.0 16V GASOLINA 4P AUTOMÁTICO,120.000 km  |  Câmbio: Automático  |  Gasolina  |  ,R$ 76.990,Campinas -  SP,"Hoje, 23:22",https://sp.olx.com.br/grande-campinas/autos-e-pecas/carros-vans-e-utilitarios/outlander-2014-2015-2-0-16v-gasolina-4p-automatico-1020005724,2022-06-22
935850283,Mercedes C180 Kopressor 2006,150.000 km  |  Câmbio: Automático  |  Gasolina  |  ,R$ 45.000,Santa Maria -  RS,"Hoje, 23:22",https://rs.olx.com.br/regioes-de-santa-maria-uruguaiana-e-cruz-alta/autos-e-pecas/carros-vans-e-utilitarios/mercedes-c180-kopressor-2006-935850283,2022-06-22
1048514199,Amarok V6 TDI Highline,122.000 km  |  Câmbio: Automático  |  Diesel  |  ,R$ 195.000,Macaíba -  RN,"Hoje, 23:22",https://rn.olx.com.br/rio-grande-do-norte/autos-e-pecas/carros-vans-e-utilitarios/amarok-v6-tdi-highline-1048514199,2022-06-22
1048514939,Uno way 4 portas,77.000 km  |  Câmbio: Manual  |  Flex  |  ,R$ 34.000,Duque de Caxias -  RJ,"Hoje, 23:22",https://rj.olx.com.br/rio-de-janeiro-e-regiao/autos-e-pecas/carros-vans-e-utilitarios/uno-way-4-portas-1048514939,2022-06-22
1044509694,Toyota Etios Ready 1.5 Flex Aut *27.000 Km*,27.000 km  |  Câmbio: Automático  |  Flex  |  ,R$ 64.900,Serra -  ES,"Hoje, 23:21",https://es.olx.com.br/norte-do-espirito-santo/autos-e-pecas/carros-vans-e-utilitarios/toyota-etios-ready-1-5-flex-aut-27-000-km-1044509694,2022-06-22
949262792,Prisma LT 1.4,62.390 km  |  Câmbio: Manual  |  Flex  |  ,R$ 67.900,Fortaleza -  CE,"Hoje, 23:21",https://ce.olx.com.br/fortaleza-e-regiao/autos-e-pecas/carros-vans-e-utilitarios/prisma-lt-1-4-949262792,2022-06-22
1041909215,FIT DX 1.5,70.296 km  |  Câmbio: Manual  |  Flex  |  ,R$ 59.990,Ribeirão Preto -  SP,"Hoje, 23:21",https://sp.olx.com.br/regiao-de-ribeirao-preto/autos-e-pecas/carros-vans-e-utilitarios/fit-dx-1-5-1041909215,2022-06-22
1027531766,NISSAN KICKS 1.6 16V FLEXSTART SL 4P XTRONIC,53.015 km  |  Câmbio: Automático  |  Flex  |  ,R$ 99.900,Cotia -  SP,"Hoje, 23:21",https://sp.olx.com.br/sao-paulo-e-regiao/autos-e-pecas/carros-vans-e-utilitarios/nissan-kicks-1-6-16v-flexstart-sl-4p-xtronic-1027531766,2022-06-22
1025878266,Uno Way 1.0 Flex - Mega Oportunidade!!,1 km  |  Câmbio: Manual  |  Flex  |  ,R$ 40.000,Feira de Santana -  BA,"Hoje, 23:21",https://ba.olx.com.br/regiao-de-feira-de-santana-e-alagoinhas/autos-e-pecas/carros-vans-e-utilitarios/uno-way-1-0-flex-mega-oportunidade-1025878266,2022-06-22
995361251,Corolla xei 2.0   2022  completo   Km 3.000,3.000 km  |  Câmbio: Manual  |  Flex  |  ,R$ 157.000,Uberlândia -  MG,"Hoje, 23:21",https://mg.olx.com.br/regiao-de-uberlandia-e-uberaba/autos-e-pecas/carros-vans-e-utilitarios/corolla-xei-2-0-2022-completo-km-3-000-995361251,2022-06-22
1035475884,MONTANA APENAS DIREÇÃO HIDRÁULICA ABAIXO DA FIPE ,111.111 km  |  Câmbio: Manual  |  Flex  |  ,R$ 37.990,Joinville -  SC,"Hoje, 23:21",https://sc.olx.com.br/norte-de-santa-catarina/autos-e-pecas/carros-vans-e-utilitarios/montana-apenas-direcao-hidraulica-abaixo-da-fipe-1035475884,2022-06-22
1006620181,Hyundai Hb20 1.0 12v Sense,0 km  |  Câmbio: Manual  |  Flex  |  ,R$ 70.990,Niterói -  RJ,"Hoje, 23:21",https://rj.olx.com.br/rio-de-janeiro-e-regiao/autos-e-pecas/carros-vans-e-utilitarios/hyundai-hb20-1-0-12v-sense-1006620181,2022-06-22
1012346943,CRUZE 2019/2019 1.4 TURBO LT 16V FLEX 4P AUTOMÁTICO,47.941 km  |  Câmbio: Automático  |  Flex  |  ,R$ 96.550,Brasília -  DF,"Hoje, 23:21",https://df.olx.com.br/distrito-federal-e-regiao/autos-e-pecas/carros-vans-e-utilitarios/cruze-2019-2019-1-4-turbo-lt-16v-flex-4p-automatico-1012346943,2022-06-22
849467995,FIAT ARGO 2019/2020 1.0 FIREFLY FLEX DRIVE MANUAL,46.637 km  |  Câmbio: Manual  |  Flex  |  ,R$ 63.900,Goiânia -  GO,"Hoje, 23:21",https://go.olx.com.br/grande-goiania-e-anapolis/autos-e-pecas/carros-vans-e-utilitarios/fiat-argo-2019-2020-1-0-firefly-flex-drive-manual-849467995,2022-06-22
1037221559,Saveiro Cross Cd 2017 km65.000 $84.900,214.000 km  |  Câmbio: Manual  |  Flex  |  ,R$ 56.000,Recife -  PE,"Hoje, 23:21",https://pe.olx.com.br/grande-recife/autos-e-pecas/carros-vans-e-utilitarios/strada-2018-hardwork-1037221559,2022-06-22
1047006309,Chevrolet onix 1.0 Lt Mecanico unico dono,65.000 km  |  Câmbio: Manual  |  Flex  |  ,R$ 84.900,São Paulo -  SP,"Hoje, 23:20",https://sp.olx.com.br/sao-paulo-e-regiao/autos-e-pecas/carros-vans-e-utilitarios/saveiro-cross-cd-2017-km65-000-84-900-1047006309,2022-06-22
1023412632,Toro Volcano 2.0 Diesel 4x4  2019,14.000 km  |  Câmbio: Automático  |  Flex  |  ,R$ 112.900,São Paulo -  SP,"Hoje, 23:20",https://sp.olx.com.br/sao-paulo-e-regiao/autos-e-pecas/carros-vans-e-utilitarios/t-cross-2020-2021-1-0-200-tsi-total-flex-automatico-1023412632,2022-06-22
1044736551,208 Griffe 1.6 aut,95.000 km  |  Câmbio: Automático  |  Flex  |  ,R$ 60.500,Itu -  SP,"Hoje, 23:20",https://sp.olx.com.br/sao-paulo-e-regiao/autos-e-pecas/carros-vans-e-utilitarios/mitsubishi-pajero-tr4-2-0-4x2-flex-aut-5p-1044736551,2022-06-22
1030006622,Saveiro Cross 1.6,98.000 km  |  Câmbio: Manual  |  Flex  |  ,R$ 31.900,Maceió -  AL,"Hoje, 23:20",https://al.olx.com.br/alagoas/autos-e-pecas/carros-vans-e-utilitarios/uno-vivace-celebration-13-14-oportunidade-1030006622,2022-06-22
1045562050,VIRTUS 2020/2021 1.0 200 TSI COMFORTLINE AUTOMÁTICO,79.000 km  |  Câmbio: Automático  |  Gasolina  |  ,R$ 119.000,Montes Claros -  MG,"Hoje, 23:20",https://mg.olx.com.br/regiao-de-montes-claros-e-diamantina/autos-e-pecas/carros-vans-e-utilitarios/evoque-prestige-2013-branca-interior-caramelo-teto-panoramico-land-rover-dynamic-1045562050,2022-06-22
1040449459,Toro Volcano 2.0 16V 4x4 TB Diesel Aut.,55.000 km  |  Câmbio: Manual  |  Flex  |  ,R$ 56.900,São Paulo -  SP,"Hoje, 23:20",https://sp.olx.com.br/sao-paulo-e-regiao/autos-e-pecas/carros-vans-e-utilitarios/chevrolet-onix-1-0-lt-mecanico-unico-dono-1040449459,2022-06-22
1037531683,FORD FIESTA 2013/2014 1.6 ROCAM SE 8V FLEX 4P MANUAL,41.857 km  |  Câmbio: Manual  |  Flex  |  ,R$ 178.900,Belo Horizonte -  MG,"Hoje, 23:20",https://mg.olx.com.br/belo-horizonte-e-regiao/autos-e-pecas/carros-vans-e-utilitarios/troller-t4-3-2-diesel-xlt-4x4-1037531683,2022-06-22
1033416956,Tracker LTZ 1.4 Automático 2017,52.667 km  |  Câmbio: Automático  |  Diesel  |  ,R$ 153.900,Santo André -  SP,"Hoje, 23:20",https://sp.olx.com.br/sao-paulo-e-regiao/autos-e-pecas/carros-vans-e-utilitarios/toro-volcano-2-0-diesel-4x4-2019-1033416956,2022-06-22
1017575959,Toyota Yaris 1.5 16V FLEX SEDAN XLS MULTIDRIVE,32.000 km  |  Câmbio: Automático  |  Flex  |  ,R$ 73.900,Caxias do Sul -  RS,"Hoje, 23:20",https://rs.olx.com.br/regioes-de-caxias-do-sul-e-passo-fundo/autos-e-pecas/carros-vans-e-utilitarios/208-griffe-1-6-aut-1017575959,2022-06-22
1039162329,FORD KA 1.0 SE 12V 2018,177.159 km  |  Câmbio: Manual  |  Flex  |  ,R$ 80.990,Fortaleza -  CE,"Hoje, 23:20",https://ce.olx.com.br/fortaleza-e-regiao/autos-e-pecas/carros-vans-e-utilitarios/saveiro-cross-1-6-1039162329,2022-06-22
1042893338,JEEP COMPASS SPORT,67.068 km  |  Câmbio: Manual  |  Flex  |  ,R$ 86.700,Presidente Prudente -  SP,"Hoje, 23:20",https://sp.olx.com.br/regiao-de-presidente-prudente/autos-e-pecas/carros-vans-e-utilitarios/virtus-2020-2021-1-0-200-tsi-comfortline-automatico-1042893338,2022-06-22
1033623958,VW Tl 1600 1971 - Placa Preta,31.000 km  |  Câmbio: Automático  |  Diesel  |  ,R$ 191.900,Florianópolis -  SC,"Hoje, 23:20",https://sc.olx.com.br/florianopolis-e-regiao/autos-e-pecas/carros-vans-e-utilitarios/toro-volcano-2-0-16v-4x4-tb-diesel-aut-1033623958,2022-06-22
1048514659,CHEVROLET S10 LS 2.8 TDI 4X4 CD 2019,137.000 km  |  Câmbio: Manual  |  Flex  |  ,R$ 39.900,Sumaré -  SP,"Hoje, 23:19",https://sp.olx.com.br/grande-campinas/autos-e-pecas/carros-vans-e-utilitarios/ford-fiesta-2013-2014-1-6-rocam-se-8v-flex-4p-manual-1048514659,2022-06-22
1030934982,Nissan March 2019 1.6 sv 16v flexstart 4p manual,64.000 km  |  Câmbio: Automático  |  Flex  |  ,R$ 91.900,Rio de Janeiro -  RJ,"Hoje, 23:19",https://rj.olx.com.br/rio-de-janeiro-e-regiao/autos-e-pecas/carros-vans-e-utilitarios/tracker-ltz-1-4-automatico-2017-1030934982,2022-06-22
1039431964,COROLLA 2019/2019 1.8 GLI UPPER 16V FLEX 4P AUTOMÁTICO,35.077 km  |  Câmbio: Automático  |  Flex  |  ,R$ 92.900,Salvador -  BA,"Hoje, 23:19",https://ba.olx.com.br/grande-salvador/autos-e-pecas/carros-vans-e-utilitarios/toyota-yaris-1-5-16v-flex-sedan-xls-multidrive-1039431964,2022-06-22
1046960946,Mitsubishi ASX 4x4 2015,45.961 km  |  Câmbio: Manual  |  Flex  |  ,R$ 50.900,Santos -  SP,"Hoje, 23:19",https://sp.olx.com.br/baixada-santista-e-litoral-sul/autos-e-pecas/carros-vans-e-utilitarios/ford-ka-1-0-se-12v-2018-1046960946,2022-06-22
1034707130,Toro Freedom 2019,59.849 km  |  Câmbio: Automático  |  Flex  |  ,R$ 115.000,Feira de Santana -  BA,"Hoje, 23:19",https://ba.olx.com.br/regiao-de-feira-de-santana-e-alagoinhas/autos-e-pecas/carros-vans-e-utilitarios/jeep-compass-sport-1034707130,2022-06-22
1003284862,Voyagem 2010,37.130 km  |  Câmbio: Manual  |  Gasolina  |  ,R$ 49.900,Londrina -  PR,"Hoje, 23:19",https://pr.olx.com.br/regiao-de-londrina/autos-e-pecas/carros-vans-e-utilitarios/vw-tl-1600-1971-placa-preta-1003284862,2022-06-22
1032285312,Evoque Dynamic Teto Panorâmico,300 km  |  Câmbio: Manual  |  Diesel  |  ,R$ 154.000,Brasília -  DF,"Hoje, 23:19",https://df.olx.com.br/distrito-federal-e-regiao/autos-e-pecas/carros-vans-e-utilitarios/chevrolet-s10-ls-2-8-tdi-4x4-cd-2019-1032285312,2022-06-22
1046794479,ECOSPORT 2020/2020 2.0 DIRECT FLEX STORM 4WD AUTOMÁTICO,51.485 km  |  Câmbio: Manual  |  Flex  |  ,R$ 53.990,Santos -  SP,"Hoje, 23:19",https://sp.olx.com.br/baixada-santista-e-litoral-sul/autos-e-pecas/carros-vans-e-utilitarios/nissan-march-2019-1-6-sv-16v-flexstart-4p-manual-1046794479,2022-06-22
953148847,CITROEN C3 ATTRACTION  1.5 FLEX 8V 5P MEC 2016,56.200 km  |  Câmbio: Automático  |  Flex  |  ,R$ 99.880,Várzea Grande -  MT,"Hoje, 23:19",https://mt.olx.com.br/regiao-de-cuiaba/autos-e-pecas/carros-vans-e-utilitarios/corolla-2019-2019-1-8-gli-upper-16v-flex-4p-automatico-953148847,2022-06-22
1048514569,T-cross Highline 1.4 Turbo 2020 Com Teto Solar Apenas 25Mil Km ! Som Bts ,135.000 km  |  Câmbio: Automático  |  Gasolina  |  ,R$ 85.000,Guaraci -  PR,"Hoje, 23:19",https://pr.olx.com.br/regiao-de-londrina/autos-e-pecas/carros-vans-e-utilitarios/mitsubishi-asx-4x4-2015-1048514569,2022-06-22
1045865367,Compass Longitude,96.000 km  |  Câmbio: Automático  |  Gasolina  |  ,R$ 90.000,São Paulo -  SP,"Hoje, 23:19",https://sp.olx.com.br/sao-paulo-e-regiao/autos-e-pecas/carros-vans-e-utilitarios/mercedes-c-350-cgi-1045865367,2022-06-22
989383742,Uno Way ,79.000 km  |  Câmbio: Manual  |  Flex  |  ,R$ 45.900,Ribeirão Preto -  SP,"Hoje, 23:18",https://sp.olx.com.br/regiao-de-ribeirao-preto/autos-e-pecas/carros-vans-e-utilitarios/uno-way-989383742,2022-06-22
937464494,Uno Way 1.0 2014 único dono completo,102.000 km  |  ,R$ 35.900,Pomerode -  SC,"Hoje, 23:18",https://sc.olx.com.br/norte-de-santa-catarina/autos-e-pecas/carros-vans-e-utilitarios/uno-way-1-0-2014-unico-dono-completo-937464494,2022-06-22
1034742849,JEEP CHEROKEE 3.7 LIMITED 4X4 V6 12V GASOLINA 4P AUTOMÁTICO,102.000 km  |  Câmbio: Automático  |  Gasolina  |  ,R$ 68.900,Salvador -  BA,"Hoje, 23:18",https://ba.olx.com.br/grande-salvador/autos-e-pecas/carros-vans-e-utilitarios/jeep-cherokee-3-7-limited-4x4-v6-12v-gasolina-4p-automatico-1034742849,2022-06-22
1046734013,RENEGADE 2020/2021 1.8 16V FLEX LONGITUDE 4P AUTOMÁTICO,53.378 km  |  Câmbio: Automático  |  Flex  |  ,R$ 98.380,Gravataí -  RS,"Hoje, 23:18",https://rs.olx.com.br/regioes-de-porto-alegre-torres-e-santa-cruz-do-sul/autos-e-pecas/carros-vans-e-utilitarios/renegade-2020-2021-1-8-16v-flex-longitude-4p-automatico-1046734013,2022-06-22
1022207827,HB20 1.6 2014,69 km  |  Câmbio: Manual  |  Flex  |  ,R$ 43.900,Fortaleza -  CE,"Hoje, 23:18",https://ce.olx.com.br/fortaleza-e-regiao/autos-e-pecas/carros-vans-e-utilitarios/hb20-1-6-2014-1022207827,2022-06-22
1045878037,Honda Civic LXR 2.0 Flex Automático CVT 2016 impecável (Aceito trocas),59.600 km  |  Câmbio: Manual  |  Flex  |  ,R$ 48.000,Sorocaba -  SP,"Hoje, 23:18",https://sp.olx.com.br/regiao-de-sorocaba/autos-e-pecas/carros-vans-e-utilitarios/ka-2019-completo-1045878037,2022-06-22
1048514392,AMAROK 2013 DIESEL 4X4 MANUAL ,1 km  |  Câmbio: Automático  |  Flex  |  ,R$ 80.000,Cachoeiro de Itapemirim -  ES,"Hoje, 23:17",https://es.olx.com.br/sul-do-espirito-santo/autos-e-pecas/carros-vans-e-utilitarios/honda-civic-lxr-2-0-flex-automatico-cvt-2016-impecavel-aceito-trocas-1048514392,2022-06-22
1048514391,Chevrolet Prisma 1.4 LT SPE/4,145.000 km  |  Câmbio: Manual  |  Diesel  |  ,R$ 104.900,Parobé -  RS,"Hoje, 23:17",https://rs.olx.com.br/regioes-de-porto-alegre-torres-e-santa-cruz-do-sul/autos-e-pecas/carros-vans-e-utilitarios/amarok-2013-diesel-4x4-manual-1048514391,2022-06-22
1039754781,Strada Freedom 1.3 CS 2021 Muito Nova / Oportunidade ,80.000 km  |  Câmbio: Manual  |  Flex  |  ,R$ 51.900,Belo Horizonte -  MG,"Hoje, 23:17",https://mg.olx.com.br/belo-horizonte-e-regiao/autos-e-pecas/carros-vans-e-utilitarios/chevrolet-prisma-1-4-lt-spe-4-1039754781,2022-06-22
1039781328,Jac V260 2018 +AR 76.000 Barato D+,30.000 km  |  Câmbio: Manual  |  Flex  |  ,R$ 93.997,Recife -  PE,"Hoje, 23:17",https://pe.olx.com.br/grande-recife/autos-e-pecas/carros-vans-e-utilitarios/strada-freedom-1-3-cs-2021-muito-nova-oportunidade-1039781328,2022-06-22
1021560197,jeep renegade 2016 longitude automatico 55.900 financiado+pequena entrada,165.000 km  |  Câmbio: Manual  |  Diesel  |  ,R$ 76.000,São Paulo -  SP,"Hoje, 23:17",https://sp.olx.com.br/sao-paulo-e-regiao/autos-e-pecas/carros-vans-e-utilitarios/jac-v260-2018-ar-76-000-barato-d-1021560197,2022-06-22
978042144,HYUNDAI HB20 1.0 TGDI FLEX EVOLUTION AUTOMÁTICO,69 km  |  Câmbio: Automático  |  Flex  |  ,R$ 55.900,Rio de Janeiro -  RJ,"Hoje, 23:17",https://rj.olx.com.br/rio-de-janeiro-e-regiao/autos-e-pecas/carros-vans-e-utilitarios/jeep-renegade-2016-longitude-automatico-55-900-financiado-pequena-entrada-978042144,2022-06-22
1037587159,VOLKSWAGEN SAVEIRO CD CROSS 2022,41.636 km  |  Câmbio: Automático  |  Flex  |  ,R$ 80.990,Brasília -  DF,"Hoje, 23:17",https://df.olx.com.br/distrito-federal-e-regiao/autos-e-pecas/carros-vans-e-utilitarios/hyundai-hb20-1-0-tgdi-flex-evolution-automatico-1037587159,2022-06-22
1045906220,Polo Comfortline 200TSI - 2019/2020 ,9.225 km  |  Câmbio: Manual  |  Flex  |  ,R$ 118.900,Ponta Grossa -  PR,"Hoje, 23:17",https://pr.olx.com.br/regiao-de-ponta-grossa-e-guarapuava/autos-e-pecas/carros-vans-e-utilitarios/volkswagen-saveiro-cd-cross-2022-1045906220,2022-06-22
943519501,Audi A1 Sportback Attraction 1.4 Turbo 122cv Automático 7 Velocidades Branco com Cinza,63.566 km  |  Câmbio: Automático  |  Flex  |  ,R$ 84.990,Brasília -  DF,"Hoje, 23:17",https://df.olx.com.br/distrito-federal-e-regiao/autos-e-pecas/carros-vans-e-utilitarios/polo-comfortline-200tsi-2019-2020-943519501,2022-06-22
1046180712,FIAT ARGO 1.0 FIREFLY FLEX MANUAL,85.209 km  |  Câmbio: Automático  |  Gasolina  |  ,R$ 86.000,Bento Gonçalves -  RS,"Hoje, 23:17",https://rs.olx.com.br/regioes-de-caxias-do-sul-e-passo-fundo/autos-e-pecas/carros-vans-e-utilitarios/audi-a1-sportback-attraction-1-4-turbo-122cv-automatico-7-velocidades-branco-com-cinza-1046180712,2022-06-22
1018067659,FORD KA + 2018/2018 1.5 SIGMA FLEX SE MANUAL,0 km  |  Câmbio: Manual  |  Flex  |  ,R$ 73.990,Recife -  PE,"Hoje, 23:17",https://pe.olx.com.br/grande-recife/autos-e-pecas/carros-vans-e-utilitarios/fiat-argo-1-0-firefly-flex-manual-1018067659,2022-06-22
1005965640,Volkswagen Saveiro Cross 1.6 (Flex) (cab. estendida) 2011 - Completa - Muito Nova!,51.384 km  |  Câmbio: Manual  |  Flex  |  ,R$ 54.780,Rio de Janeiro -  RJ,"Hoje, 23:17",https://rj.olx.com.br/rio-de-janeiro-e-regiao/autos-e-pecas/carros-vans-e-utilitarios/ford-ka-2018-2018-1-5-sigma-flex-se-manual-1005965640,2022-06-22
939914397,VOLKSWAGEN VIRTUS 1.0 200 TSI COMFORTLINE AUTOMÁTICO,202.000 km  |  Câmbio: Manual  |  Flex  |  ,R$ 46.989,Campinas -  SP,"Hoje, 23:17",https://sp.olx.com.br/grande-campinas/autos-e-pecas/carros-vans-e-utilitarios/volkswagen-saveiro-cross-1-6-flex-cab-estendida-2011-completa-muito-nova-939914397,2022-06-22
1023859838,Hilux SR Diesel 4x4 automática 2018/2019,35.902 km  |  Câmbio: Automático  |  Flex  |  ,R$ 98.750,Recife -  PE,"Hoje, 23:17",https://pe.olx.com.br/grande-recife/autos-e-pecas/carros-vans-e-utilitarios/volkswagen-virtus-1-0-200-tsi-comfortline-automatico-1023859838,2022-06-22
1009032068,Prisma 1.4 Lt Automático 2017,195.000 km  |  Câmbio: Manual  |  Flex  |  ,R$ 31.999,São Paulo -  SP,"Hoje, 23:17",https://sp.olx.com.br/sao-paulo-e-regiao/autos-e-pecas/carros-vans-e-utilitarios/fiat-ideia-essence-1-6-16v-1009032068,2022-06-22
1035611408,Toyota Yaris 2019 1.5 16v flex sedan xl multidrive,65.000 km  |  Câmbio: Automático  |  Diesel  |  ,R$ 210.000,Ji-Paraná -  RO,"Hoje, 23:16",https://ro.olx.com.br/rondonia/autos-e-pecas/carros-vans-e-utilitarios/hilux-sr-diesel-4x4-automatica-2018-2019-1035611408,2022-06-22
1003355235,Chevrolet Prisma 1.4 MPFI LT 8V FLEX 4P AUTOMATICO,102.000 km  |  Câmbio: Automático  |  Flex  |  ,,São José dos Campos -  SP,"Hoje, 23:16",https://sp.olx.com.br/vale-do-paraiba-e-litoral-norte/autos-e-pecas/carros-vans-e-utilitarios/prisma-1-4-lt-automatico-2017-1003355235,2022-06-22
1045279372,VIRTUS 2019/2020 1.0 200 TSI COMFORTLINE AUTOMÁTICO,47.160 km  |  Câmbio: Automático  |  Flex  |  ,R$ 82.990,Rio de Janeiro -  RJ,"Hoje, 23:16",https://rj.olx.com.br/rio-de-janeiro-e-regiao/autos-e-pecas/carros-vans-e-utilitarios/toyota-yaris-2019-1-5-16v-flex-sedan-xl-multidrive-1045279372,2022-06-22
1040336981,FIAT STRADA 1.3 FIREFLY FLEX FREEDOM CS MANUAL,58.800 km  |  Câmbio: Automático  |  Flex  |  ,R$ 64.990,Fortaleza -  CE,"Hoje, 23:16",https://ce.olx.com.br/fortaleza-e-regiao/autos-e-pecas/carros-vans-e-utilitarios/chevrolet-prisma-1-4-mpfi-lt-8v-flex-4p-automatico-1040336981,2022-06-22
857029099,TOYOTA COROLLA Corolla 1.8 GLi Upper Multi-Drive (Flex),55.231 km  |  Câmbio: Automático  |  Flex  |  ,R$ 82.990,Rio das Ostras -  RJ,"Hoje, 23:16",https://rj.olx.com.br/norte-do-estado-do-rio/autos-e-pecas/carros-vans-e-utilitarios/virtus-2019-2020-1-0-200-tsi-comfortline-automatico-857029099,2022-06-22
1045315662,Ka Se 1.0 Ha 2017,35.503 km  |  Câmbio: Manual  |  Flex  |  ,R$ 93.790,Santo André -  SP,"Hoje, 23:16",https://sp.olx.com.br/sao-paulo-e-regiao/autos-e-pecas/carros-vans-e-utilitarios/fiat-strada-1-3-firefly-flex-freedom-cs-manual-1045315662,2022-06-22
1001723722,COMPASS LONGITUDE 2.0 4x4 DIESEL AUTOMATICA 2018,36.905 km  |  Câmbio: Automático  |  Flex  |  ,R$ 103.990,Brasília -  DF,"Hoje, 23:16",https://df.olx.com.br/distrito-federal-e-regiao/autos-e-pecas/carros-vans-e-utilitarios/toyota-corolla-corolla-1-8-gli-upper-multi-drive-flex-1001723722,2022-06-22
1015328802,Jeep Renegade Trailhawk 2.0 4x4 TB Diesel Aut,70.698 km  |  Câmbio: Manual  |  Flex  |  ,R$ 46.900,Rolante -  RS,"Hoje, 23:16",https://rs.olx.com.br/regioes-de-porto-alegre-torres-e-santa-cruz-do-sul/autos-e-pecas/carros-vans-e-utilitarios/ka-se-1-0-ha-2017-1015328802,2022-06-22
1046704990,ONIX 2018/2019 1.4 MPFI LTZ 8V FLEX 4P MANUAL,91.000 km  |  Câmbio: Automático  |  Diesel  |  ,R$ 149.900,Maringá -  PR,"Hoje, 23:16",https://pr.olx.com.br/regiao-de-maringa/autos-e-pecas/carros-vans-e-utilitarios/compass-longitude-2-0-4x4-diesel-automatica-2018-1046704990,2022-06-22
995151841,JEEP COMPASS LONGITUDE DIESEL 2019,57.929 km  |  Câmbio: Automático  |  Diesel  |  ,R$ 153.990,Natal -  RN,"Hoje, 23:16",https://rn.olx.com.br/rio-grande-do-norte/autos-e-pecas/carros-vans-e-utilitarios/jeep-renegade-trailhawk-2-0-4x4-tb-diesel-aut-995151841,2022-06-22
1045449439,Chevrolet Cobalt Lt 1.4 2012/2012,41.882 km  |  Câmbio: Manual  |  Flex  |  ,R$ 71.500,Vitória da Conquista -  BA,"Hoje, 23:16",https://ba.olx.com.br/regiao-de-vitoria-da-conquista-e-barreiras/autos-e-pecas/carros-vans-e-utilitarios/onix-2018-2019-1-4-mpfi-ltz-8v-flex-4p-manual-1045449439,2022-06-22
1045750081,Gol G3 16V completo ,50.179 km  |  Câmbio: Automático  |  Flex  |  ,R$ 165.900,Niterói -  RJ,"Hoje, 23:16",https://rj.olx.com.br/rio-de-janeiro-e-regiao/autos-e-pecas/carros-vans-e-utilitarios/jeep-compass-longitude-diesel-2019-1045750081,2022-06-22
1048514230,HB20S,89.362 km  |  Câmbio: Manual  |  Flex  |  ,R$ 30.697,Fortaleza -  CE,"Hoje, 23:16",https://ce.olx.com.br/fortaleza-e-regiao/autos-e-pecas/carros-vans-e-utilitarios/chevrolet-cobalt-lt-1-4-2012-2012-1048514230,2022-06-22
1048514220,S10,187.000 km  |  Câmbio: Manual  |  Gasolina  |  ,R$ 12.000,Sarandi -  PR,"Hoje, 23:16",https://pr.olx.com.br/regiao-de-maringa/autos-e-pecas/carros-vans-e-utilitarios/gol-g3-16v-completo-1048514220,2022-06-22
1047009168,Palio 98 GNV Lindo Aceito Cartão ,130.000 km  |  Câmbio: Manual  |  Flex  |  ,R$ 37.900,Boa Vista -  RR,"Hoje, 23:16",https://rr.olx.com.br/roraima/autos-e-pecas/carros-vans-e-utilitarios/vendo-saveiro-1047009168,2022-06-22
982793460,Polo Tsi Highline 17/18,70.000 km  |  Câmbio: Automático  |  Flex  |  ,R$ 78.999,São Paulo -  SP,"Hoje, 23:16",https://sp.olx.com.br/sao-paulo-e-regiao/autos-e-pecas/carros-vans-e-utilitarios/renegade-sport-2017-982793460,2022-06-22
1047007107,Corolla XEI ( 2015 ) R$: 84.900,73.000 km  |  Câmbio: Manual  |  Flex  |  ,R$ 32.300,São Paulo -  SP,"Hoje, 23:16",https://sp.olx.com.br/sao-paulo-e-regiao/autos-e-pecas/carros-vans-e-utilitarios/saveiro-cs-1-6-unico-dono-2013-1047007107,2022-06-22
1047006845,Fiesta Hatch SE 1.0 2013/2014 Completo,198.000 km  |  Câmbio: Manual  |  Flex  |  ,R$ 52.000,Iperó -  SP,"Hoje, 23:16",https://sp.olx.com.br/regiao-de-sorocaba/autos-e-pecas/carros-vans-e-utilitarios/saveiro-cs-1-6-completa-1047006845,2022-06-22
1048514189,AVALIO E COMPRO PAGO HOJE Á VISTA ,30.250 km  |  Câmbio: Automático  |  Flex  |  ,R$ 55.500,Manaus -  AM,"Hoje, 23:15",https://am.olx.com.br/regiao-de-manaus/autos-e-pecas/carros-vans-e-utilitarios/hb20s-1048514189,2022-06-22
1048514173,Nivus 2022 highline zero km com pacote,28.600 km  |  Câmbio: Automático  |  Diesel  |  ,R$ 270.000,Oliveira -  MG,"Hoje, 23:15",https://mg.olx.com.br/regiao-de-divinopolis/autos-e-pecas/carros-vans-e-utilitarios/s10-1048514173,2022-06-22
1048514169,ASX 2.0 CVT 4x4 * 2015 * TOP + TETO !!!,215.000 km  |  Câmbio: Manual  |  Gasolina  |  ,R$ 9.000,Palhoça -  SC,"Hoje, 23:15",https://sc.olx.com.br/florianopolis-e-regiao/autos-e-pecas/carros-vans-e-utilitarios/palio-98-gnv-lindo-aceito-cartao-1048514169,2022-06-22
1048514163,Vendo Cadillac Ano 57,43.600 km  |  Câmbio: Automático  |  Flex  |  ,R$ 83.900,Cascavel -  PR,"Hoje, 23:15",https://pr.olx.com.br/regiao-de-foz-do-iguacu-e-cascavel/autos-e-pecas/carros-vans-e-utilitarios/polo-tsi-highline-17-18-1048514163,2022-06-22
1048514158,ONIX 2019/2020 1.0 TURBO FLEX LTZ AUTOMÁTICO,100.000 km  |  Câmbio: Automático  |  Flex  |  ,R$ 84.900,Fortaleza -  CE,"Hoje, 23:15",https://ce.olx.com.br/fortaleza-e-regiao/autos-e-pecas/carros-vans-e-utilitarios/corolla-xei-2015-r-84-900-1048514158,2022-06-22
937356396,Up cross 1.0 TSI 2017,60.000 km  |  Câmbio: Manual  |  Flex  |  ,R$ 63.900,Rio Grande -  RS,"Hoje, 23:15",https://rs.olx.com.br/regioes-de-pelotas-rio-grande-e-bage/autos-e-pecas/carros-vans-e-utilitarios/up-cross-1-0-tsi-2017-937356396,2022-06-22
1048514061,Chevrolet Spin 1.8 2019//Prata ,1.000 km  |  Câmbio: Automático  |  Flex  |  ,R$ 81.900,Paulínia -  SP,"Hoje, 23:15",https://sp.olx.com.br/grande-campinas/autos-e-pecas/carros-vans-e-utilitarios/chevrolet-spin-1-8-2019-prata-1048514061,2022-06-22
703584109,Jeep Ford 1974 absurdamente original,34.200 km  |  Câmbio: Manual  |  Gasolina  |  ,R$ 84.900,Campinas -  SP,"Hoje, 23:15",https://sp.olx.com.br/grande-campinas/autos-e-pecas/carros-vans-e-utilitarios/jeep-ford-1974-absurdamente-original-703584109,2022-06-22
1048514044,Palio 1.0 4P,159.155 km  |  Câmbio: Manual  |  Gasolina  |  ,R$ 14.000,Praia Grande -  SP,"Hoje, 23:15",https://sp.olx.com.br/baixada-santista-e-litoral-sul/autos-e-pecas/carros-vans-e-utilitarios/palio-1-0-4p-1048514044,2022-06-22
1048514014,S10 High country 2018 diesel ,146.000 km  |  Câmbio: Automático  |  Diesel  |  ,R$ 207.000,Santiago -  RS,"Hoje, 23:15",https://rs.olx.com.br/regioes-de-santa-maria-uruguaiana-e-cruz-alta/autos-e-pecas/carros-vans-e-utilitarios/s10-high-country-2018-diesel-1048514014,2022-06-22
1048513970,Saveiro 2013 1.6 CE completo com gnv ,81.781 km  |  Câmbio: Manual  |  Flex  |  ,R$ 44.900,Rio de Janeiro -  RJ,"Hoje, 23:15",https://rj.olx.com.br/rio-de-janeiro-e-regiao/autos-e-pecas/carros-vans-e-utilitarios/saveiro-2013-1-6-ce-completo-com-gnv-1048513970,2022-06-22
1048513971,Gol g4,250.000 km  |  Câmbio: Manual  |  Flex  |  ,R$ 18.500,Itabuna -  BA,"Hoje, 23:15",https://ba.olx.com.br/sul-da-bahia/autos-e-pecas/carros-vans-e-utilitarios/gol-g4-1048513971,2022-06-22
1048513976,Honda HR-V,38.348 km  |  Câmbio: Automático  |  Flex  |  ,R$ 116.900,Natal -  RN,"Hoje, 23:15",https://rn.olx.com.br/rio-grande-do-norte/autos-e-pecas/carros-vans-e-utilitarios/honda-hr-v-1048513976,2022-06-22
1048513981,E 250 ,68.000 km  |  Câmbio: Automático  |  Gasolina  |  ,R$ 118.900,Goiânia -  GO,"Hoje, 23:15",https://go.olx.com.br/grande-goiania-e-anapolis/autos-e-pecas/carros-vans-e-utilitarios/e-250-1048513981,2022-06-22
1048513965,Honda Fit 2010 novo sem detalhes ,138.000 km  |  Câmbio: Automático  |  Flex  |  ,R$ 45.000,Sorocaba -  SP,"Hoje, 23:15",https://sp.olx.com.br/regiao-de-sorocaba/autos-e-pecas/carros-vans-e-utilitarios/honda-fit-2010-novo-sem-detalhes-1048513965,2022-06-22
1048513950,Ford Mondeo SW 1997/1998 - Segundo dono - Completo,150.000 km  |  Câmbio: Manual  |  Gasolina  |  ,R$ 14.000,Rio de Janeiro -  RJ,"Hoje, 23:15",https://rj.olx.com.br/rio-de-janeiro-e-regiao/autos-e-pecas/carros-vans-e-utilitarios/ford-mondeo-sw-1997-1998-segundo-dono-completo-1048513950,2022-06-22
1048513931,Vendo Ford Fiesta 1.6 2010/2011 Completo,130.000 km  |  Câmbio: Manual  |  Flex  |  ,R$ 28.900,Cascavel -  PR,"Hoje, 23:15",https://pr.olx.com.br/regiao-de-foz-do-iguacu-e-cascavel/autos-e-pecas/carros-vans-e-utilitarios/vendo-ford-fiesta-1-6-2010-2011-completo-1048513931,2022-06-22
1048513916,Honda city 2014 automático ,106.000 km  |  Câmbio: Automático  |  Flex  |  ,R$ 58.500,Londrina -  PR,"Hoje, 23:15",https://pr.olx.com.br/regiao-de-londrina/autos-e-pecas/carros-vans-e-utilitarios/honda-city-2014-automatico-1048513916,2022-06-22
1048513920,Onix joy black 2020 oportunidade ,79.000 km  |  Câmbio: Manual  |  Flex  |  ,R$ 49.900,Contagem -  MG,"Hoje, 23:15",https://mg.olx.com.br/belo-horizonte-e-regiao/autos-e-pecas/carros-vans-e-utilitarios/onix-joy-black-2020-oportunidade-1048513920,2022-06-22
1048513891,Vendo um astra conservado Ano 2004,147.529 km  |  Câmbio: Manual  |  Gasolina  |  ,R$ 17.000,Aracaju -  SE,"Hoje, 23:15",https://se.olx.com.br/sergipe/autos-e-pecas/carros-vans-e-utilitarios/vendo-um-astra-conservado-ano-2004-1048513891,2022-06-22
1048513869,Hyundai Elantra GLS 1.8,172.000 km  |  Câmbio: Automático  |  Gasolina  |  ,R$ 59.900,Brasília -  DF,"Hoje, 23:15",https://df.olx.com.br/distrito-federal-e-regiao/autos-e-pecas/carros-vans-e-utilitarios/hyundai-elantra-gls-1-8-1048513869,2022-06-22
1048513835,Toro Ranch 2.0 DIESEL 4x4 19/20,40.000 km  |  Câmbio: Automático  |  Diesel  |  ,R$ 169.900,Irupi -  ES,"Hoje, 23:15",https://es.olx.com.br/sul-do-espirito-santo/autos-e-pecas/carros-vans-e-utilitarios/toro-ranch-2-0-diesel-4x4-19-20-1048513835,2022-06-22
1018059061,Onix sedan Premier II Impecável 20/20 urgente !,88.000 km  |  Câmbio: Manual  |  Flex  |  ,R$ 53.900,Cuiabá -  MT,"Hoje, 23:14",https://mt.olx.com.br/regiao-de-cuiaba/autos-e-pecas/carros-vans-e-utilitarios/ecosport-fipe-r-62-mil-por-r-51-899-00-1018059061,2022-06-22
1048513808,Tiguan 2.0 TSI Tiptronic,16 km  |  Câmbio: Automático  |  Flex  |  ,R$ 92.900,Brasília -  DF,"Hoje, 23:14",https://df.olx.com.br/distrito-federal-e-regiao/autos-e-pecas/carros-vans-e-utilitarios/onix-sedan-premier-ii-impecavel-20-20-urgente-1048513808,2022-06-22
1048513780,Hrv lxl branco muito novo ,120.000 km  |  Câmbio: Automático  |  Gasolina  |  ,R$ 69.700,Barueri -  SP,"Hoje, 23:14",https://sp.olx.com.br/sao-paulo-e-regiao/autos-e-pecas/carros-vans-e-utilitarios/tiguan-2-0-tsi-tiptronic-1048513780,2022-06-22
1048513786,Ford Focus 2.0 2014,54.000 km  |  Câmbio: Automático  |  Flex  |  ,R$ 92.000,Montes Claros -  MG,"Hoje, 23:14",https://mg.olx.com.br/regiao-de-montes-claros-e-diamantina/autos-e-pecas/carros-vans-e-utilitarios/hrv-lxl-branco-muito-novo-1048513786,2022-06-22
1048513757,Saveiro Cross CD 1.6 Flex completa 2018.,105.000 km  |  Câmbio: Automático  |  Flex  |  ,R$ 52.000,Bauru -  SP,"Hoje, 23:14",https://sp.olx.com.br/regiao-de-bauru-e-marilia/autos-e-pecas/carros-vans-e-utilitarios/ford-focus-2-0-2014-1048513757,2022-06-22
1048513743,Vendo Blazer executiva V6 ,49.900 km  |  Câmbio: Manual  |  Flex  |  ,R$ 92.990,Itajaí -  SC,"Hoje, 23:14",https://sc.olx.com.br/norte-de-santa-catarina/autos-e-pecas/carros-vans-e-utilitarios/saveiro-cross-cd-1-6-flex-completa-2018-1048513743,2022-06-22
1048513732,Peugeot 307 2.0 completo de tudo!,300 km  |  Câmbio: Manual  |  Gasolina  |  ,R$ 22.900,Luziânia -  DF,"Hoje, 23:14",https://df.olx.com.br/distrito-federal-e-regiao/autos-e-pecas/carros-vans-e-utilitarios/vendo-blazer-executiva-v6-1048513732,2022-06-22
1048513733,FAZEMOS A QUITAÇÃO DO SEU CARRO E LHE DAMOS A VOLTA ,101.000 km  |  Câmbio: Automático  |  Flex  |  ,R$ 21.500,Rio de Janeiro -  RJ,"Hoje, 23:14",https://rj.olx.com.br/rio-de-janeiro-e-regiao/autos-e-pecas/carros-vans-e-utilitarios/peugeot-307-2-0-completo-de-tudo-1048513733,2022-06-22
1048513735,Vendo Corolla XRS 2018.,13 km  |  ,R$ 100.000,Manaus -  AM,"Hoje, 23:14",https://am.olx.com.br/regiao-de-manaus/autos-e-pecas/carros-vans-e-utilitarios/fazemos-a-quitacao-do-seu-carro-e-lhe-damos-a-volta-1048513735,2022-06-22
1048513738,Voyage Comfortline,54.000 km  |  Câmbio: Automático  |  Flex  |  ,R$ 115.000,Goianira -  GO,"Hoje, 23:14",https://go.olx.com.br/grande-goiania-e-anapolis/autos-e-pecas/carros-vans-e-utilitarios/vendo-corolla-xrs-2018-1048513738,2022-06-22
1048513713,"Vendo Citroen , C3 Todo em dias...",126.000 km  |  Câmbio: Manual  |  Flex  |  ,R$ 40.000,Brasília -  DF,"Hoje, 23:14",https://df.olx.com.br/distrito-federal-e-regiao/autos-e-pecas/carros-vans-e-utilitarios/voyage-comfortline-1048513713,2022-06-22
1048513698,Honda City 2013 manual,888.888 km  |  Gasolina  |  ,R$ 8.500,Fortaleza -  CE,"Hoje, 23:14",https://ce.olx.com.br/fortaleza-e-regiao/autos-e-pecas/carros-vans-e-utilitarios/vendo-citroen-c3-todo-em-dias-1048513698,2022-06-22
1048513646,Vendo ou aceito troca ,132 km  |  Câmbio: Manual  |  Flex  |  ,R$ 43.900,São Paulo -  SP,"Hoje, 23:14",https://sp.olx.com.br/sao-paulo-e-regiao/autos-e-pecas/carros-vans-e-utilitarios/honda-city-2013-manual-1048513646,2022-06-22
1048513648,Vendo ou troco Spacefox 2007 1.6 completa ,1.000.000 km  |  Câmbio: Manual  |  Gasolina  |  ,R$ 22.900,Guaíba -  RS,"Hoje, 23:14",https://rs.olx.com.br/regioes-de-porto-alegre-torres-e-santa-cruz-do-sul/autos-e-pecas/carros-vans-e-utilitarios/vendo-ou-aceito-troca-1048513648,2022-06-22
1048513597,TRACKER LTZ 2015 AUTOMATICA ,178 km  |  Câmbio: Manual  |  Flex  |  ,R$ 24.500,São Paulo -  SP,"Hoje, 23:14",https://sp.olx.com.br/sao-paulo-e-regiao/autos-e-pecas/carros-vans-e-utilitarios/vendo-ou-troco-spacefox-2007-1-6-completa-1048513597,2022-06-22
1048513571,Gol G5 1.6,140.000 km  |  Câmbio: Automático  |  Flex  |  ,R$ 59.990,Brasília -  DF,"Hoje, 23:14",https://df.olx.com.br/distrito-federal-e-regiao/autos-e-pecas/carros-vans-e-utilitarios/tracker-ltz-2015-automatica-1048513571,2022-06-22
1048513535,Focus 11/12 2.0 26 mil kms originais,109.000 km  |  Câmbio: Manual  |  Flex  |  ,R$ 28.000,Irecê -  BA,"Hoje, 23:14",https://ba.olx.com.br/regiao-de-juazeiro-e-jacobina/autos-e-pecas/carros-vans-e-utilitarios/gol-g5-1-6-1048513535,2022-06-22
1048513538,Pálio trekking 1.6 ,26.600 km  |  Câmbio: Manual  |  Flex  |  ,R$ 44.000,Campos dos Goytacazes -  RJ,"Hoje, 23:14",https://rj.olx.com.br/norte-do-estado-do-rio/autos-e-pecas/carros-vans-e-utilitarios/focus-11-12-2-0-26-mil-kms-originais-1048513538,2022-06-22
1048513525,COMPRAMOS SEU CARRO QUITADO JÁ FINANCIADO  ,145.000 km  |  Câmbio: Manual  |  Flex  |  ,R$ 37.000,Caxias -  MA,"Hoje, 23:14",https://ma.olx.com.br/regiao-de-imperatriz-e-caxias/autos-e-pecas/carros-vans-e-utilitarios/palio-trekking-1-6-1048513525,2022-06-22
1048513444,Sandero 15/15,13 km  |  ,R$ 100.000,Manaus -  AM,"Hoje, 23:14",https://am.olx.com.br/regiao-de-manaus/autos-e-pecas/carros-vans-e-utilitarios/compramos-seu-carro-quitado-ja-financiado-1048513444,2022-06-22
1048513428,tracker ltz  1.0 turbo AUT. KM 18.073,150 km  |  Câmbio: Manual  |  Gasolina  |  ,R$ 31.900,Salvador -  BA,"Hoje, 23:14",https://ba.olx.com.br/grande-salvador/autos-e-pecas/carros-vans-e-utilitarios/sandero-15-15-1048513428,2022-06-22
1048513409,Corsa sedan,18.073 km  |  Câmbio: Automático  |  Flex  |  ,R$ 116.990,Brasília -  DF,"Hoje, 23:14",https://df.olx.com.br/distrito-federal-e-regiao/autos-e-pecas/carros-vans-e-utilitarios/tracker-ltz-1-0-turbo-aut-km-18-073-1048513409,2022-06-22
1048513420,Kombi para frete ,143.000 km  |  Câmbio: Manual  |  Gasolina  |  ,R$ 12.500,Vila Velha -  ES,"Hoje, 23:14",https://es.olx.com.br/norte-do-espirito-santo/autos-e-pecas/carros-vans-e-utilitarios/corsa-sedan-1048513420,2022-06-22
1048513424,Agile 2011,0 km  |  Gasolina  |  ,R$ 12.000,Nilópolis -  RJ,"Hoje, 23:14",https://rj.olx.com.br/rio-de-janeiro-e-regiao/autos-e-pecas/carros-vans-e-utilitarios/kombi-para-frete-1048513424,2022-06-22
1048513391,COMPRAMOS CARRO JÁ FINANCIADO ,113 km  |  Câmbio: Manual  |  Flex  |  ,R$ 32.000,São José do Rio Preto -  SP,"Hoje, 23:14",https://sp.olx.com.br/regiao-de-sao-jose-do-rio-preto/autos-e-pecas/carros-vans-e-utilitarios/agile-2011-1048513391,2022-06-22
1048513328,Logan 2020 muito novo!!!!!,13 km  |  ,R$ 100.000,Manaus -  AM,"Hoje, 23:14",https://am.olx.com.br/regiao-de-manaus/autos-e-pecas/carros-vans-e-utilitarios/compramos-carro-ja-financiado-1048513328,2022-06-22
734825175,Corsa frente   montana,30.000 km  |  Câmbio: Manual  |  Flex  |  ,R$ 39.990,Rio de Janeiro -  RJ,"Hoje, 23:14",https://rj.olx.com.br/rio-de-janeiro-e-regiao/autos-e-pecas/carros-vans-e-utilitarios/logan-2020-muito-novo--734825175,2022-06-22
1048513306,ONIX ADVANTAGE 1.4 AUTOMÁTICO 2019 SUPER NOVO!!!,142.002 km  |  Câmbio: Manual  |  Gasolina  |  ,R$ 14.000,Serra -  ES,"Hoje, 23:14",https://es.olx.com.br/norte-do-espirito-santo/autos-e-pecas/carros-vans-e-utilitarios/corsa-frente-montana-1048513306,2022-06-22
1034918153,Siena 2013 EL 1.4,37.985 km  |  Câmbio: Automático  |  Flex  |  ,R$ 70.900,Manaus -  AM,"Hoje, 23:14",https://am.olx.com.br/regiao-de-manaus/autos-e-pecas/carros-vans-e-utilitarios/onix-advantage-1-4-automatico-2019-super-novo-1034918153,2022-06-22
1006901702,Ford Ranger 3.2 LIMITED  ,91.000 km  |  Câmbio: Manual  |  Flex  |  ,R$ 33.900,Manaus -  AM,"Hoje, 23:14",https://am.olx.com.br/regiao-de-manaus/autos-e-pecas/carros-vans-e-utilitarios/siena-2013-el-1-4-1006901702,2022-06-22
1009954566,Nil fiesta,107.000 km  |  Câmbio: Automático  |  Diesel  |  ,R$ 189.900,São José -  SC,"Hoje, 23:14",https://sc.olx.com.br/florianopolis-e-regiao/autos-e-pecas/carros-vans-e-utilitarios/ford-ranger-3-2-limited-1009954566,2022-06-22
1048513284,Vendo Ford Focus 2001,80 km  |  Câmbio: Manual  |  Flex  |  ,R$ 38.900,Cuiabá -  MT,"Hoje, 23:14",https://mt.olx.com.br/regiao-de-cuiaba/autos-e-pecas/carros-vans-e-utilitarios/nil-fiesta-1048513284,2022-06-22
1048513271,Ford ka se plus 1.5 ,11.800 km  |  Câmbio: Automático  |  Flex  |  ,R$ 72.000,Pontes e Lacerda -  MT,"Hoje, 23:14",https://mt.olx.com.br/regiao-de-cuiaba/autos-e-pecas/carros-vans-e-utilitarios/ford-ka-se-plus-1-5-1048513271,2022-06-22
1048513227,Corsa clasique ,153.200 km  |  Câmbio: Manual  |  Flex  |  ,R$ 20.162,Campina Grande do Sul -  PR,"Hoje, 23:14",https://pr.olx.com.br/regiao-de-curitiba-e-paranagua/autos-e-pecas/carros-vans-e-utilitarios/corsa-clasique-1048513227,2022-06-22
1048513233,Peugeot 308 1.6 manual ,75.000 km  |  Câmbio: Manual  |  Flex  |  ,R$ 42.500,Fazenda Rio Grande -  PR,"Hoje, 23:14",https://pr.olx.com.br/regiao-de-curitiba-e-paranagua/autos-e-pecas/carros-vans-e-utilitarios/peugeot-308-1-6-manual-1048513233,2022-06-22
1048513225,Chevrolet S10 LTZ 2.8 TURBO 4X4 CD,92.000 km  |  Câmbio: Automático  |  Diesel  |  ,R$ 209.900,Brasília -  DF,"Hoje, 23:14",https://df.olx.com.br/distrito-federal-e-regiao/autos-e-pecas/carros-vans-e-utilitarios/chevrolet-s10-ltz-2-8-turbo-4x4-cd-1048513225,2022-06-22
1048513218,Jeep compass TRAILHAWK 2017 blindado,158.000 km  |  Câmbio: Automático  |  Diesel  |  ,R$ 148.900,Fortaleza -  CE,"Hoje, 23:14",https://ce.olx.com.br/fortaleza-e-regiao/autos-e-pecas/carros-vans-e-utilitarios/jeep-compass-trailhawk-2017-blindado-1048513218,2022-06-22
1048513206,Fiesta GL - 2000,132.000 km  |  Câmbio: Manual  |  Gasolina  |  ,R$ 16.999,São Paulo -  SP,"Hoje, 23:14",https://sp.olx.com.br/sao-paulo-e-regiao/autos-e-pecas/carros-vans-e-utilitarios/fiesta-gl-2000-1048513206,2022-06-22
1048513193,Vende-se Chevette 1.6 ano 1987,400 km  |  Câmbio: Manual  |  Gasolina  |  ,R$ 5.500,Brasília -  DF,"Hoje, 23:14",https://df.olx.com.br/distrito-federal-e-regiao/autos-e-pecas/carros-vans-e-utilitarios/vende-se-chevette-1-6-ano-1987-1048513193,2022-06-22
1048513196,Honda civic lxs 1.8,115.000 km  |  Câmbio: Manual  |  Gasolina  |  ,R$ 38.500,Curitiba -  PR,"Hoje, 23:14",https://pr.olx.com.br/regiao-de-curitiba-e-paranagua/autos-e-pecas/carros-vans-e-utilitarios/honda-civic-lxs-1-8-1048513196,2022-06-22
1048513177,AGILE SPIN SONIC PUNTO  - COMPRO QUITADO JÁ FINANCIADO ,13 km  |  ,R$ 45.000,Manaus -  AM,"Hoje, 23:14",https://am.olx.com.br/regiao-de-manaus/autos-e-pecas/carros-vans-e-utilitarios/agile-spin-sonic-punto-compro-quitado-ja-financiado-1048513177,2022-06-22
1048513165,Saveiro ano 1999,190.000 km  |  Câmbio: Manual  |  Gasolina  |  ,R$ 16.950,Campo Alegre do Fidalgo -  PI,"Hoje, 23:14",https://pi.olx.com.br/regiao-de-picos-e-floriano/autos-e-pecas/carros-vans-e-utilitarios/saveiro-ano-1999-1048513165,2022-06-22
1048513168,Mercedes C 180 clássic 1.8 turbo 2012.,92.000 km  |  Câmbio: Automático  |  Gasolina  |  ,R$ 72.900,Curitiba -  PR,"Hoje, 23:14",https://pr.olx.com.br/regiao-de-curitiba-e-paranagua/autos-e-pecas/carros-vans-e-utilitarios/mercedes-c-180-classic-1-8-turbo-2012-1048513168,2022-06-22
1048513157,Fiat Doblo 1.8 Essence 7 lugares,55.400 km  |  Câmbio: Manual  |  Flex  |  ,R$ 71.900,Divinópolis -  MG,"Hoje, 23:14",https://mg.olx.com.br/regiao-de-divinopolis/autos-e-pecas/carros-vans-e-utilitarios/fiat-doblo-1-8-essence-7-lugares-1048513157,2022-06-22
1033262825,Astra Advantage 2.0,2.010 km  |  Câmbio: Manual  |  Flex  |  ,R$ 85.200,Duque de Caxias -  RJ,"Hoje, 23:13",https://rj.olx.com.br/rio-de-janeiro-e-regiao/autos-e-pecas/carros-vans-e-utilitarios/novo-onix-sedan-plus-lt-z-1-0-flex-22-22-mec-1033262825,2022-06-22
986828757,Polo sedam 1.6 ( 2011 ) extra R$:31.900,81.000 km  |  Câmbio: Manual  |  Flex  |  ,R$ 25.000,Niterói -  RJ,"Hoje, 23:13",https://rj.olx.com.br/rio-de-janeiro-e-regiao/autos-e-pecas/carros-vans-e-utilitarios/astra-advantage-2-0-986828757,2022-06-22
1048513131,Vendo ônix ltz impecável ,80.000 km  |  Câmbio: Manual  |  Flex  |  ,R$ 31.900,Fortaleza -  CE,"Hoje, 23:13",https://ce.olx.com.br/fortaleza-e-regiao/autos-e-pecas/carros-vans-e-utilitarios/polo-sedam-1-6-2011-extra-r-31-900-1048513131,2022-06-22
1048513133,Corsa classic 2011/2012,11.000 km  |  Câmbio: Automático  |  Flex  |  ,R$ 89.900,Niterói -  RJ,"Hoje, 23:13",https://rj.olx.com.br/rio-de-janeiro-e-regiao/autos-e-pecas/carros-vans-e-utilitarios/vendo-onix-ltz-impecavel-1048513133,2022-06-22
1048513101,Palio 1.4,13.700 km  |  Câmbio: Manual  |  Flex  |  ,R$ 21.000,Brasília -  DF,"Hoje, 23:13",https://df.olx.com.br/distrito-federal-e-regiao/autos-e-pecas/carros-vans-e-utilitarios/corsa-classic-2011-2012-1048513101,2022-06-22
1048513097,Celta 2010/2011,100.000 km  |  Câmbio: Manual  |  Gasolina  |  ,R$ 42.590,Porto Velho -  RO,"Hoje, 23:13",https://ro.olx.com.br/rondonia/autos-e-pecas/carros-vans-e-utilitarios/palio-1-4-1048513097,2022-06-22
1048513090,Honda Crv lx,115 km  |  Câmbio: Manual  |  Flex  |  ,R$ 16.500,São Paulo -  SP,"Hoje, 23:13",https://sp.olx.com.br/sao-paulo-e-regiao/autos-e-pecas/carros-vans-e-utilitarios/celta-2010-2011-1048513090,2022-06-22
1048513075,Fiorino vendo ou troco valor 27 mil ,230.000 km  |  Câmbio: Automático  |  Gasolina  |  ,R$ 39.000,Brasília -  DF,"Hoje, 23:13",https://df.olx.com.br/distrito-federal-e-regiao/autos-e-pecas/carros-vans-e-utilitarios/honda-crv-lx-1048513075,2022-06-22
1048513058,Fiat stilo 2006,261.000 km  |  Câmbio: Manual  |  Flex  |  ,R$ 27.000,Belo Horizonte -  MG,"Hoje, 23:13",https://mg.olx.com.br/belo-horizonte-e-regiao/autos-e-pecas/carros-vans-e-utilitarios/fiorino-vendo-ou-troco-valor-27-mil-1048513058,2022-06-22
1048513039,Peugeot  207 HB XR sport 8v,142.000 km  |  Câmbio: Manual  |  Flex  |  ,R$ 20.500,Timóteo -  MG,"Hoje, 23:13",https://mg.olx.com.br/belo-horizonte-e-regiao/autos-e-pecas/carros-vans-e-utilitarios/fiat-stilo-2006-1048513039,2022-06-22
1048513044,Pálio 1.4,138.000 km  |  Câmbio: Manual  |  Flex  |  ,R$ 23.000,Mogi das Cruzes -  SP,"Hoje, 23:13",https://sp.olx.com.br/sao-paulo-e-regiao/autos-e-pecas/carros-vans-e-utilitarios/peugeot-207-hb-xr-sport-8v-1048513044,2022-06-22
1048513025,Fox Plus 1.6 2008  ,120.000 km  |  Câmbio: Manual  |  Flex  |  ,R$ 23.800,Vitória de Santo Antão -  PE,"Hoje, 23:13",https://pe.olx.com.br/grande-recife/autos-e-pecas/carros-vans-e-utilitarios/palio-1-4-1048513025,2022-06-22
1048512994,Celta 2007 2008 trava e som,156 km  |  Câmbio: Manual  |  Flex  |  ,R$ 26.700,São Bernardo do Campo -  SP,"Hoje, 23:13",https://sp.olx.com.br/sao-paulo-e-regiao/autos-e-pecas/carros-vans-e-utilitarios/fox-plus-1-6-2008-1048512994,2022-06-22
1048512973,IDEA exl 1.4 Raridade ,140 km  |  Câmbio: Manual  |  Flex  |  ,R$ 16.500,Jaraguá do Sul -  SC,"Hoje, 23:13",https://sc.olx.com.br/norte-de-santa-catarina/autos-e-pecas/carros-vans-e-utilitarios/celta-2007-2008-trava-e-som-1048512973,2022-06-22
1048512952,Spin ls 16/17,89.000 km  |  Câmbio: Manual  |  Flex  |  ,R$ 28.887,Niterói -  RJ,"Hoje, 23:13",https://rj.olx.com.br/rio-de-janeiro-e-regiao/autos-e-pecas/carros-vans-e-utilitarios/idea-exl-1-4-raridade-1048512952,2022-06-22
1048512953,PUNTO 2015 ATRACTIVE 1.4,90.000 km  |  Câmbio: Manual  |  Flex  |  ,R$ 53.000,Jaboatão dos Guararapes -  PE,"Hoje, 23:13",https://pe.olx.com.br/grande-recife/autos-e-pecas/carros-vans-e-utilitarios/spin-ls-16-17-1048512953,2022-06-22
1048512894,Uno Mille Fire 2007/2008  todo em dias.,0 km  |  Câmbio: Manual  |  Flex  |  ,R$ 38.900,João Pessoa -  PB,"Hoje, 23:13",https://pb.olx.com.br/paraiba/autos-e-pecas/carros-vans-e-utilitarios/punto-2015-atractive-1-4-1048512894,2022-06-22
1048512895,SAVEIRO STRADA MONTANA  - COMPRO QUITADO JÁ FINANCIADO ,175 km  |  Câmbio: Manual  |  Flex  |  ,R$ 15.000,Pacatuba -  CE,"Hoje, 23:13",https://ce.olx.com.br/fortaleza-e-regiao/autos-e-pecas/carros-vans-e-utilitarios/uno-mille-fire-2007-2008-todo-em-dias-1048512895,2022-06-22
1048512904,Chevrolet Cruze Sedan 1.4 turbo 2018,13 km  |  ,R$ 35.000,Manaus -  AM,"Hoje, 23:13",https://am.olx.com.br/regiao-de-manaus/autos-e-pecas/carros-vans-e-utilitarios/saveiro-strada-montana-compro-quitado-ja-financiado-1048512904,2022-06-22
1048512862,Hilux srv completa diesel ( carro muito novo ) ,31.000 km  |  Câmbio: Automático  |  Flex  |  ,R$ 86.000,Caldas Novas -  GO,"Hoje, 23:13",https://go.olx.com.br/regiao-de-rio-verde-e-caldas-novas/autos-e-pecas/carros-vans-e-utilitarios/chevrolet-cruze-sedan-1-4-turbo-2018-1048512862,2022-06-22
1048512848,Hyundai Tucson 2.0 2013//Prata ,55.000 km  |  Câmbio: Automático  |  Diesel  |  ,R$ 209.000,Montes Claros -  MG,"Hoje, 23:13",https://mg.olx.com.br/regiao-de-montes-claros-e-diamantina/autos-e-pecas/carros-vans-e-utilitarios/hilux-srv-completa-diesel-carro-muito-novo-1048512848,2022-06-22
1048512851,Ducato Multijet Teto Alto2.3 2011/2012,86.000 km  |  Câmbio: Automático  |  Flex  |  ,R$ 30.900,Campinas -  SP,"Hoje, 23:13",https://sp.olx.com.br/grande-campinas/autos-e-pecas/carros-vans-e-utilitarios/hyundai-tucson-2-0-2013-prata-1048512851,2022-06-22
1042399228,FIT LX 2006/07,38.000 km  |  Câmbio: Manual  |  Flex  |  ,R$ 56.000,Guarapari -  ES,"Hoje, 23:13",https://es.olx.com.br/norte-do-espirito-santo/autos-e-pecas/carros-vans-e-utilitarios/hb20-1-6-confort-2017-38mil-km-1042399228,2022-06-22
1048512841,Fiat Argo 2020 1.0 firefly flex drive manual,731.000 km  |  Câmbio: Manual  |  Diesel  |  ,R$ 59.900,Rio de Janeiro -  RJ,"Hoje, 23:13",https://rj.olx.com.br/rio-de-janeiro-e-regiao/autos-e-pecas/carros-vans-e-utilitarios/ducato-multijet-teto-alto2-3-2011-2012-1048512841,2022-06-22
1048512784,renegade limited at 1.8 2021,189.000 km  |  Câmbio: Manual  |  Gasolina  |  ,R$ 27.000,São Paulo -  SP,"Hoje, 23:13",https://sp.olx.com.br/sao-paulo-e-regiao/autos-e-pecas/carros-vans-e-utilitarios/fit-lx-2006-07-1048512784,2022-06-22
931750758,Hilux SW4  SRX  5 lugares 2017-Raion procurar consultor Filipe ,75.987 km  |  Câmbio: Manual  |  Flex  |  ,R$ 56.977,Rio de Janeiro -  RJ,"Hoje, 23:13",https://rj.olx.com.br/rio-de-janeiro-e-regiao/autos-e-pecas/carros-vans-e-utilitarios/fiat-argo-2020-1-0-firefly-flex-drive-manual-931750758,2022-06-22
946148878,JEEP RENEGADE Longitude 2016 1.8 4x2 Flex  Aut.,18.770 km  |  Câmbio: Automático  |  Flex  |  ,R$ 121.990,Fortaleza -  CE,"Hoje, 23:13",https://ce.olx.com.br/fortaleza-e-regiao/autos-e-pecas/carros-vans-e-utilitarios/renegade-limited-at-1-8-2021-946148878,2022-06-22
998555144,Honda City CITY SEDAN LX 1.5 FLEX 16V 4P MEC. FLEX AUTOMÁTI,69.000 km  |  Câmbio: Automático  |  Diesel  |  ,R$ 274.900,Rio de Janeiro -  RJ,"Hoje, 23:13",https://rj.olx.com.br/rio-de-janeiro-e-regiao/autos-e-pecas/carros-vans-e-utilitarios/hilux-sw4-srx-5-lugares-2017-raion-procurar-consultor-filipe-998555144,2022-06-22
1015044091,Chevrolet Spin LTZ 7S 1.8 (Flex) (Aut) 2018,33.261 km  |  Câmbio: Automático  |  Flex  |  ,R$ 81.000,Colatina -  ES,"Hoje, 23:13",https://es.olx.com.br/norte-do-espirito-santo/autos-e-pecas/carros-vans-e-utilitarios/jeep-renegade-longitude-2016-1-8-4x2-flex-aut-1015044091,2022-06-22
1033526808,kwid Zen 1.0 2020 4p,90 km  |  Câmbio: Automático  |  Flex  |  ,R$ 59.990,São Paulo -  SP,"Hoje, 23:13",https://sp.olx.com.br/sao-paulo-e-regiao/autos-e-pecas/carros-vans-e-utilitarios/honda-city-city-sedan-lx-1-5-flex-16v-4p-mec-flex-automati-1033526808,2022-06-22
1035158963,New fiesta 1.5 2014 top lindo ,68.300 km  |  Câmbio: Automático  |  Flex  |  ,R$ 57.900,São Paulo -  SP,"Hoje, 23:13",https://sp.olx.com.br/sao-paulo-e-regiao/autos-e-pecas/carros-vans-e-utilitarios/chevrolet-spin-ltz-7s-1-8-flex-aut-2018-1035158963,2022-06-22
1038878095,Toyota Corolla 2020 2.0 vvt-ie flex altis direct shift,65.000 km  |  Câmbio: Manual  |  Flex  |  ,R$ 48.990,São Paulo -  SP,"Hoje, 23:13",https://sp.olx.com.br/sao-paulo-e-regiao/autos-e-pecas/carros-vans-e-utilitarios/kwid-zen-1-0-2020-4p-1038878095,2022-06-22
1027472148,Kombi furgão ano 2013 pneus bons motor file 20.000,72.000 km  |  Câmbio: Manual  |  Flex  |  ,R$ 46.900,Viamao -  RS,"Hoje, 23:13",https://rs.olx.com.br/regioes-de-porto-alegre-torres-e-santa-cruz-do-sul/autos-e-pecas/carros-vans-e-utilitarios/new-fiesta-1-5-2014-top-lindo-1027472148,2022-06-22
993025989,HB20 Comf./C.Plus/C.Style 1.0 Flex 12V,29.000 km  |  Câmbio: Automático  |  Flex  |  ,R$ 150.000,Rio de Janeiro -  RJ,"Hoje, 23:13",https://rj.olx.com.br/rio-de-janeiro-e-regiao/autos-e-pecas/carros-vans-e-utilitarios/toyota-corolla-2020-2-0-vvt-ie-flex-altis-direct-shift-993025989,2022-06-22
1048512758,Civic Sport 2020 ,50.000 km  |  Câmbio: Manual  |  Gasolina  |  ,R$ 20.000,Nova Cruz -  RN,"Hoje, 23:13",https://rn.olx.com.br/rio-grande-do-norte/autos-e-pecas/carros-vans-e-utilitarios/kombi-furgao-ano-2013-pneus-bons-motor-file-20-000-1048512758,2022-06-22
1005394733,HONDA CIVIC 2.0 16V FLEXONE SPORT 4P CVT,29.336 km  |  Câmbio: Manual  |  Flex  |  ,R$ 61.900,Tijucas -  SC,"Hoje, 23:13",https://sc.olx.com.br/florianopolis-e-regiao/autos-e-pecas/carros-vans-e-utilitarios/hb20-comf-c-plus-c-style-1-0-flex-12v-1005394733,2022-06-22
